anforderung;zielobjekt;status_pdf;status_oscal;seite
ISMS.1.A1;Informationsverbund;Ja;implemented;54
ISMS.1.A2;Informationsverbund;Ja;implemented;54
ISMS.1.A3;Informationsverbund;Ja;implemented;55
ISMS.1.A4;Informationsverbund;Ja;implemented;55
ISMS.1.A5;Informationsverbund;Entbehrlich;not-applicable;55
ISMS.1.A6;Informationsverbund;Teilweise;partial;55
ISMS.1.A7;Informationsverbund;Ja;implemented;55
ISMS.1.A8;Informationsverbund;Ja;implemented;55
ISMS.1.A9;Informationsverbund;Ja;implemented;55
ISMS.1.A10;Informationsverbund;Teilweise;partial;55
ISMS.1.A11;Informationsverbund;Ja;implemented;56
ISMS.1.A12;Informationsverbund;Ja;implemented;56
ISMS.1.A13;Informationsverbund;Ja;implemented;56
ISMS.1.A14;Informationsverbund;Ja;implemented;56
ISMS.1.A15;Informationsverbund;Ja;implemented;56
APP.1.1.A1;A001;Ja;implemented;56
APP.1.1.A2;A001;Ja;implemented;57
APP.1.1.A3;A001;Ja;implemented;57
APP.1.1.A4;A001;Ja;implemented;57
APP.1.1.A5;A001;Entbehrlich;not-applicable;57
APP.1.1.A6;A001;Teilweise;partial;57
APP.1.1.A7;A001;Ja;implemented;57
APP.1.1.A8;A001;Ja;implemented;57
APP.1.1.A9;A001;Ja;implemented;57
APP.1.1.A10;A001;Teilweise;partial;57
APP.1.1.A11;A001;Entbehrlich;not-applicable;57
APP.1.1.A12;A001;Ja;implemented;57
APP.1.1.A13;A001;Ja;implemented;57
APP.1.1.A14;A001;Ja;implemented;58
SYS.2.2.3.A1;C001;Ja;implemented;58
SYS.2.2.3.A2;C001;Ja;implemented;58
SYS.2.2.3.A3;C001;Ja;implemented;58
SYS.2.2.3.A4;C001;Teilweise;partial;58
SYS.2.2.3.A5;C001;Ja;implemented;58
SYS.2.2.3.A6;C001;Ja;implemented;58
SYS.2.2.3.A7;C001;Ja;implemented;58
SYS.2.2.3.A8;C001;Ja;implemented;58
SYS.2.2.3.A9;C001;Ja;implemented;58
SYS.2.2.3.A10;C001;Ja;implemented;58
SYS.2.2.3.A11;C001;Entbehrlich;not-applicable;58
SYS.2.2.3.A12;C001;Ja;implemented;58
SYS.2.2.3.A13;C001;Ja;implemented;58
SYS.2.2.3.A14;C001;Ja;implemented;58
SYS.2.2.3.A15;C001;Ja;implemented;59
SYS.2.2.3.A16;C001;Ja;implemented;59
SYS.2.2.3.A17;C001;Ja;implemented;59
SYS.2.2.3.A18;C001;Ja;implemented;59
SYS.2.2.3.A19;C001;Ja;implemented;59
SYS.2.2.3.A20;C001;Ja;implemented;59
