geschaeftsprozess;anwendung
GP001;A001
GP001;A004
GP001;A005
GP001;A009
GP001;A010
GP001;A012
GP001;A014
GP001;A016
GP001;A027
GP001;A032
GP002;A001
GP002;A002
GP002;A003
GP002;A009
GP002;A010
GP002;A012
GP002;A013
GP002;A020
GP002;A027
GP002;A024
GP003;A001
GP003;A002
GP003;A008
GP003;A009
GP003;A010
GP003;A012
GP003;A013
GP003;A020
GP003;A024
GP004;A001
GP004;A002
GP004;A003
GP004;A008
GP004;A010
GP004;A012
GP004;A013
GP004;A024
GP004;A027
GP005;A001
GP005;A002
GP005;A003
GP005;A008
GP005;A009
GP005;A010
GP005;A012
GP005;A013
GP005;A014
GP005;A020
GP005;A024
GP005;A027
