zielobjekt;anforderung;massnahme
C001-C009;SYS.2.1.A12;Der Beschaffungsprozess wird von der Einkaufsabteilung überarbeitet und vervollständigt.
C001-C009;SYS.2.1.A17;Es wird ein Freigabeprozess definiert und eingesetzt.
C001-C009;SYS.2.1.A21;Die Funktion wird für alle Mitarbeiter des Vertriebs aktiviert.
C001-C009;SYS.2.1.A37;Es wird eine Zwei-Faktor-Authentisierung angeschafft.
C001-C009;SYS.2.2.3.A4;Nach erfolgreicher Prüfung wird über das Deaktivieren der Einstellungen entschieden.
"GB001;GB002";INF.4.A5;Es wird bezüglich der Nutzung des Protokolls sensibilisiert.
"GB001;GB002";INF.4.A7;Die IT-Verkabelungen werden auf nicht mehr benötigte Kabel überprüft.
N002;NET.3.2.A16;Es wird eine P-A-P-Netzstruktur aufgebaut.
N002;NET.3.2.A26;Beim Erreichen des End of Life-Cycles wird eine neue dedizierte Firewall angeschafft.
N002;NET.3.2.A29;Es soll eine weitere Firewall beschafft werden.
