zielobjekt;gefaehrdung;titel;haeufigkeit;auswirkung;risiko;tabelle
S007;G 0.8;Ausfall oder Störung der Stromversorgung;mittel;beträchtlich;mittel;28
S007;G 0.9;Ausfall oder Störung von Kommunikationsnetzen;mittel;beträchtlich;mittel;28
S007;G 0.14;Ausspähen von Informationen (Spionage);mittel;beträchtlich;mittel;28
S007;G 0.15;Abhören;mittel;beträchtlich;mittel;28
S007;G 0.16;Diebstahl von Geräten, Datenträgern oder Dokumenten;selten;begrenzt;gering;28
S007;G 0.18;Fehlplanung oder fehlende Anpassung;selten;begrenzt;gering;28
S007;G 0.19;Offenlegung schützenswerter Informationen;mittel;beträchtlich;mittel;28
S007;G 0.20;Informationen oder Produkte aus unzuverlässiger Quelle;selten;begrenzt;gering;28
S007;G 0.21;Manipulation von Hard- oder Software;mittel;beträchtlich;mittel;28
S007;G 0.22;Manipulation von Informationen;mittel;beträchtlich;mittel;28
S007;G 0.23;Unbefugtes Eindringen in IT-Systeme;mittel;existenzbedrohend;hoch;28
S007;G 0.25;Ausfall von Geräten oder Systemen;selten;begrenzt;gering;28
S007;G 0.26;Fehlfunktion von Geräten oder Systemen;selten;begrenzt;gering;28
S007;G 0.27;Ressourcenmangel;selten;begrenzt;gering;28
S007;G 0.28;Software-Schwachstellen oder -Fehler;mittel;beträchtlich;mittel;28
S007;G 0.29;Verstoß gegen Gesetze oder Regelungen;selten;begrenzt;gering;28
S007;G 0.30;Unberechtigte Nutzung oder Administration von Geräten und Systemen;mittel;beträchtlich;mittel;28
S007;G 0.31;Fehlerhafte Nutzung oder Administration von Geräten und Systemen;selten;begrenzt;gering;28
S007;G 0.32;Missbrauch von Berechtigungen;mittel;begrenzt;gering;28
S007;G 0.39;Schadprogramme;häufig;begrenzt;mittel;28
S007;G 0.40;Verhinderung von Diensten (Denial of Service);selten;begrenzt;gering;28
S007;G 0.43;Einspielen von Nachrichten;mittel;beträchtlich;mittel;28
S007;G 0.44;Unbefugtes Eindringen in Räumlichkeiten;selten;begrenzt;gering;28
S007;G 0.45;Datenverlust;selten;begrenzt;gering;28
S007;G 0.46;Integritätsverlust schützenswerter Informationen;mittel;begrenzt;mittel;28
GP001;G 0.1;Feuer;selten;beträchtlich;mittel;29
GP001;G 0.2;Ungünstige klimatische Bedingungen;selten;begrenzt;gering;29
GP001;G 0.3;Wasser;selten;beträchtlich;gering;29
GP001;G 0.4;Verschmutzung, Staub, Korrosion;mittel;beträchtlich;mittel;29
GP001;G 0.5;Naturkatastrophen;selten;existenzbedrohend;hoch;29
GP001;G 0.6;Katastrophen im Umfeld;selten;existenzbedrohend;hoch;29
GP001;G 0.7;Großereignisse im Umfeld;selten;begrenzt;gering;29
GP001;G 0.8;Ausfall oder Störung der Stromversorgung;mittel;existenzbedrohend;hoch;29
GP001;G 0.9;Ausfall oder Störung von Kommunikationsnetzen;mittel;existenzbedrohend;hoch;29
GP001;G 0.10;Ausfall oder Störung von Versorgungsnetzen;mittel;existenzbedrohend;hoch;29
GP001;G 0.11;Ausfall oder Störung von Dienstleistern;selten;begrenzt;gering;29
GP001;G 0.12;Elektromagnetische Störstrahlung;selten;vernachlässigbar;gering;29
GP001;G 0.13;Abfangen kompromittierender Strahlung;selten;vernachlässigbar;gering;29
GP001;G 0.14;Ausspähen von Informationen (Spionage);selten;begrenzt;gering;29
GP001;G 0.15;Abhören;selten;begrenzt;gering;29
GP001;G 0.16;Diebstahl von Geräten, Datenträgern oder Dokumenten;selten;begrenzt;gering;29
GP001;G 0.17;Verlust von Geräten, Datenträgern oder Dokumenten;selten;begrenzt;gering;29
GP001;G 0.18;Fehlplanung oder fehlende Anpassung;mittel;beträchtlich;mittel;29
GP001;G 0.19;Offenlegung schützenswerter Informationen;mittel;beträchtlich;mittel;29
GP001;G 0.20;Informationen oder Produkte aus unzuverlässiger Quelle;mittel;begrenzt;gering;29
GP001;G 0.21;Manipulation von Hard- oder Software;mittel;existenzbedrohend;hoch;29
GP001;G 0.22;Manipulation von Informationen;selten;beträchtlich;mittel;29
GP001;G 0.23;Unbefugtes Eindringen in IT-Systeme;selten;beträchtlich;mittel;29
GP001;G 0.24;Zerstörung von Geräten oder Datenträgern;mittel;existenzbedrohend;hoch;29
GP001;G 0.25;Ausfall von Geräten oder Systemen;mittel;existenzbedrohend;hoch;29
GP001;G 0.26;Fehlfunktion von Geräten oder Systemen;mittel;existenzbedrohend;hoch;29
GP001;G 0.27;Ressourcenmangel;mittel;beträchtlich;mittel;29
GP001;G 0.28;Software-Schwachstellen oder -Fehler;selten;beträchtlich;mittel;29
GP001;G 0.29;Verstoß gegen Gesetze oder Regelungen;selten;begrenzt;gering;29
GP001;G 0.30;Unberechtigte Nutzung oder Administration von Geräten und Systemen;mittel;beträchtlich;mittel;29
GP001;G 0.31;Fehlerhafte Nutzung oder Administration von Geräten und Systemen;mittel;beträchtlich;mittel;29
GP001;G 0.32;Missbrauch von Berechtigungen;mittel;beträchtlich;mittel;29
GP001;G 0.33;Personalausfall;mittel;beträchtlich;mittel;29
GP001;G 0.35;Nötigung, Erpressung oder Korruption;selten;begrenzt;gering;29
GP001;G 0.36;Identitätsdiebstahl;mittel;beträchtlich;mittel;29
GP001;G 0.37;Abstreiten von Handlungen;selten;begrenzt;gering;29
GP001;G 0.38;Missbrauch personenbezogener Daten;selten;begrenzt;gering;29
GP001;G 0.39;Schadprogramme;mittel;beträchtlich;mittel;29
GP001;G 0.40;Verhinderung von Diensten (Denial of Service);selten;begrenzt;gering;29
GP001;G 0.41;Sabotage;mittel;existenzbedrohend;hoch;29
GP001;G 0.42;Social Engineering;mittel;beträchtlich;mittel;29
GP001;G 0.43;Einspielen von Nachrichten;selten;begrenzt;gering;29
GP001;G 0.44;Unbefugtes Eindringen in Räumlichkeiten;selten;begrenzt;gering;29
GP001;G 0.45;Datenverlust;selten;begrenzt;gering;29
GP001;G 0.46;Integritätsverlust schützenswerter Informationen;mittel;beträchtlich;mittel;29
