zielobjekt;gefaehrdung;titel;option;massnahme
S007;G 0.8;Ausfall oder Störung der Stromversorgung;Risikoreduktion;Es soll eine redundante Stromversorgung geschaffen werden.
S007;G 0.9;Ausfall oder Störung von Kommunikationsnetzen;Risikoreduktion;Es soll ein zweiter Internetprovider beauftragt werden.
S007;G 0.14;Ausspähen von Informationen (Spionage);Risikoreduktion;Es soll eine Zwei-Faktor-Authentifizierung eingerichtet werden.
S007;G 0.15;Abhören;Risikoreduktion;Es soll eine Zwei-Faktor-Authentifizierung eingerichtet werden.
S007;G 0.16;Diebstahl von Geräten, Datenträgern oder Dokumenten;Risikoakzeptanz;Aufgrund der bereits umgesetzten Maßnahmen wird das Restrisiko als vertretbar eingeschätzt.
S007;G 0.18;Fehlplanung oder fehlende Anpassung;Risikoakzeptanz;Aufgrund der bereits umgesetzten Maßnahmen wird das Restrisiko als vertretbar eingeschätzt.
S007;G 0.19;Offenlegung schützenswerter Informationen;Risikoreduktion;Es soll eine Angriffserkennung sowie eine Zwei-Faktor- Authentifizierung eingerichtet werden.
S007;G 0.20;Informationen oder Produkte aus unzuverlässiger Quelle;Risikoakzeptanz;Aufgrund der bereits umgesetzten Maßnahmen wird das Restrisiko als vertretbar eingeschätzt.
S007;G 0.21;Manipulation von Hard- oder Software;Risikoreduktion;Es soll eine Angriffserkennung eingerichtet werden.
S007;G 0.22;Manipulation von Informationen;Risikoreduktion;Es soll eine Angriffserkennung eingerichtet werden.
S007;G 0.23;Unbefugtes Eindringen in IT-Systeme;Risikoreduktion;Systeme Es soll eine Angriffserkennung sowie eine Zwei-Faktor- Authentifizierung eingerichtet werden.
S007;G 0.25;Ausfall von Geräten oder Systemen;Risikoakzeptanz;Aufgrund der bereits umgesetzten Maßnahmen wird das Restrisiko als vertretbar eingeschätzt.
S007;G 0.26;Fehlfunktion von Geräten oder Systemen;Risikoakzeptanz;Aufgrund der bereits umgesetzten Maßnahmen wird das Restrisiko als vertretbar eingeschätzt.
S007;G 0.27;Ressourcenmangel;Risikoakzeptanz;Aufgrund der bereits umgesetzten Maßnahmen wird das Restrisiko als vertretbar eingeschätzt.
S007;G 0.28;Software-Schwachstellen oder -Fehler;Risikoreduktion;Es soll eine Angriffserkennung eingerichtet werden.
S007;G 0.29;Verstoß gegen Gesetze oder Regelungen;Risikoakzeptanz;Aufgrund der bereits umgesetzten Maßnahmen wird das Restrisiko als vertretbar eingeschätzt.
S007;G 0.30;Unberechtigte Nutzung oder Administration von Geräten und Systemen;Risikoreduktion;Es sollen geteilte Kennwörter zur Administration von Systemen kritischen Vorgängen eingerichtet werden.
S007;G 0.31;Fehlerhafte Nutzung oder Administration von Geräten und Systemen;Risikoakzeptanz;Aufgrund der bereits umgesetzten Maßnahmen wird das Systemen Restrisiko als vertretbar eingeschätzt.
S007;G 0.32;Missbrauch von Berechtigungen;Risikoakzeptanz;Aufgrund der bereits umgesetzten Maßnahmen wird das Restrisiko als vertretbar eingeschätzt.
S007;G 0.39;Schadprogramme;Risikoreduktion;Es soll Appliaction Whitelisting eingesetzt sowie eine Angriffserkennung eingerichtet werden.
S007;G 0.40;Verhinderung von Diensten (Denial of Service);Risikoakzeptanz;Aufgrund der bereits umgesetzten Maßnahmen wird das Restrisiko als vertretbar eingeschätzt.
S007;G 0.43;Einspielen von Nachrichten;Risikoreduktion;Es soll eine Angriffserkennung eingerichtet werden.
S007;G 0.44;Unbefugtes Eindringen in Räumlichkeiten;Risikoakzeptanz;Aufgrund der bereits umgesetzten Maßnahmen wird das Restrisiko als vertretbar eingeschätzt.
S007;G 0.45;Datenverlust;Risikoakzeptanz;Aufgrund der bereits umgesetzten Maßnahmen wird das Restrisiko als vertretbar eingeschätzt.
S007;G 0.46;Integritätsverlust schützenswerter Informationen;Risikoreduktion;Es sollen geteilte Kennwörter zur Administration von kritischen Vorgängen eingerichtet werden.
