id;vertraulichkeit;integritaet;verfuegbarkeit;gspp_sicherheitsniveau;tabelle;seite
GP001;hoch;hoch;sehr hoch;erhöht;15;40
GP002;hoch;hoch;normal;erhöht;15;41
GP003;hoch;hoch;hoch;erhöht;15;41
GP004;hoch;normal;normal;erhöht;15;41
GP005;normal;hoch;hoch;erhöht;15;41
GP010;hoch;hoch;hoch;erhöht;15;42
A002;hoch;hoch;hoch;erhöht;S60;60
A005;hoch;hoch;hoch;erhöht;16;43
A010;hoch;hoch;sehr hoch;erhöht;16;43
A011;hoch;hoch;sehr hoch;erhöht;16;43
A027;hoch;hoch;normal;erhöht;16;44
C001;hoch;hoch;normal;erhöht;17;45
C002;hoch;hoch;;erhöht;S60;60
C003;hoch;hoch;;erhöht;S60;60
C004;hoch;hoch;;erhöht;S60;60
C005;hoch;hoch;;erhöht;S60;60
C006;hoch;hoch;;erhöht;S60;60
C007;hoch;hoch;;erhöht;S60;60
C008;hoch;hoch;;erhöht;S60;60
C009;hoch;hoch;;erhöht;S60;60
L003;hoch;hoch;normal;erhöht;17;45
N001;hoch;hoch;sehr hoch;erhöht;17;45
S001;hoch;hoch;normal;erhöht;17;46
S007;hoch;hoch;hoch;erhöht;S60;60
T001;hoch;hoch;normal;erhöht;17;46
K001;sehr hoch;hoch;sehr hoch;erhöht;18;47
K002;sehr hoch;hoch;sehr hoch;erhöht;18;48
K006;hoch;hoch;sehr hoch;erhöht;18;48
GB001;sehr hoch;sehr hoch;sehr hoch;erhöht;19;49
R003;hoch;hoch;normal;erhöht;19;49
R009;sehr hoch;hoch;sehr hoch;erhöht;19;50
