id;name;typ;tabelle;seite
GP001;Produktion;geschaeftsprozess;2;15
GP002;Angebotswesen;geschaeftsprozess;2;16
GP003;Auftragsabwicklung;geschaeftsprozess;2;16
GP004;Einkauf;geschaeftsprozess;2;16
GP005;Disposition;geschaeftsprozess;2;16
GP006;Personalverwaltung;geschaeftsprozess;2;17
GP006a;Gehaltszahlung;teilprozess;2;17
GP006b;Neueinstellung;teilprozess;2;17
GP006c;Entlassung Mitarbeiter;teilprozess;2;15
GP007;IT-Betrieb;geschaeftsprozess;2;17
GP007a;Betrieb Server;teilprozess;2;17
GP007b;Betrieb Clients;teilprozess;2;17
GP007c;Betrieb Netze;teilprozess;2;18
GP007d;Betrieb Produktions-IT;teilprozess;2;18
GP008;Betrieb der Webseite;geschaeftsprozess;2;18
GP009;Betrieb des Intranets;geschaeftsprozess;2;18
GP010;Verwaltung des Mobile Device Managements;geschaeftsprozess;2;18
GP011;Nutzung einer Cloud-Umgebung;geschaeftsprozess;2;18
A001;Textverarbeitung, Präsentation, Tabellenkalkulation;anwendung;3;19
A002;E-Mail-Client;anwendung;3;19
A003;Web-Browser;anwendung;3;19
A004;Prozessleitsystem;anwendung;3;19
A005;Entwicklungssystem;anwendung;3;19
A006;Personaldatenverarbeitung;anwendung;3;19
A007;Reisekostenabrechnung;anwendung;3;19
A008;Finanzbuchhaltung;anwendung;3;20
A009;Auftrags- und Kundenverwaltung;anwendung;3;20
A010;Active Directory;anwendung;3;20
A011;Systemmanagement;anwendung;3;20
A012;Zentrale Dokumentenverwaltung;anwendung;3;20
A013;Druckservice Bad Godesberg;anwendung;3;20
A014;Druckservice Beuel;anwendung;3;21
A015;Firewall;anwendung;3;21
A016;Steuerung der Produktionsanlagen;anwendung;3;21
A017;Content Management System;anwendung;3;21
A018;Backupsoftware;anwendung;3;21
A019;Webserver;anwendung;3;21
A020;Datenbanksystem;anwendung;3;21
A021;Internes Ticketsystem;anwendung;3;21
A022;Internes Wiki;anwendung;3;22
A023;Virtualisierungssoftware;anwendung;3;22
A024;Voice over IP;anwendung;3;22
A025;Chat-Anwendung;anwendung;3;22
A026;Mobile Device Management;anwendung;3;22
A027;ReCoBS;anwendung;3;22
A028;Updateverwaltung Windows;anwendung;3;22
A029;Updateverwaltung Linux;anwendung;3;22
A030;Cloud-APP;anwendung;3;22
A031;Cloud-Umgebung;anwendung;3;23
A032;CAD/CAM;anwendung;3;23
C001;Clients der Finanzbuchhaltung;client;5;28
C002;Clients der Geschäftsführung;client;5;28
C003;Clients der Personalabteilung;client;5;28
C004;Clients der Informationstechnik;client;5;28
C005;Clients des Marketings & Vertrieb;client;5;28
C006;Clients der Fertigung und Lager;client;5;28
C007;Clients der Entwicklungsabteilung;client;5;28
C008;Clients der Einkaufsabteilung;client;5;28
C009;Clients in den Vertriebsbüros;client;5;28
L001;Laptops der Finanzbuchhaltung;laptop;5;28
L002;Laptops der Geschäftsführung;laptop;5;28
L003;Laptops der Personalabteilung;laptop;5;29
L004;Laptops der Informationstechnik;laptop;5;29
L005;Laptops Marketing & Vertrieb;laptop;5;29
L006;Laptops von Fertigung und Lager;laptop;5;29
L007;Laptops der Entwicklungsabteilung;laptop;5;29
L008;Laptops der Einkaufsabteilung;laptop;5;29
L009;Laptops in den Vertriebsbüros;laptop;5;29
S001;Domänen-Controller;server;5;29
S002;Dateiserver;server;5;29
S003;Druckserver;server;5;29
S004;Kommunikationsserver;server;5;30
S005;DB-Server der Kunden- und Auftragsbearbeitung;server;5;30
S006;DB-Server der Finanzbuchhaltung;server;5;30
S007;Virtualisierungsserver;server;5;30
S008;Server für Produktionssteuerung;server;5;30
S009;Wiki-Server;server;5;30
S010;Virtualisierungsserver2;server;5;30
S011;Ticketsystem;server;5;30
S012;Backupserver;server;5;30
S013;Windows-Update-Server;server;5;30
S014;Linux-Update-Server;server;5;30
S015;DB-Server fürs Systemmanagement;server;5;31
I001;Speicherprogrammierbare Produktionsmaschinen;ics;6;31
I002;SCADA;ics;6;31
I003;Server für die Betriebsdatenerfassung;ics;6;31
O001;Video-Überwachung;iot;7;31
O002;Kühlschrank;iot;7;31
O003;Alarmanlage;iot;7;31
O004;Kaffeevollautomat;iot;7;31
O005;Sprachassistent;iot;7;31
N001;Router zum Internet;netzkomponente;10;34
N002;Firewall;netzkomponente;10;34
N003;Zentrale Switche in Bad Godesberg und Beuel;netzkomponente;10;34
N004;Router zur Verbindung der Standorte BG und BE;netzkomponente;10;34
N005;ReCoBS;netzkomponente;10;34
N006;Switche in den Vertriebsbüros;netzkomponente;10;34
N007;Router zum Internet der Vertriebsbüros;netzkomponente;10;34
N008;WLAN-Access-Points;netzkomponente;10;35
T001;Telefonanlagen Bad Godesberg und Beuel;tk-komponente;10;35
T002;Faxgeräte;tk-komponente;10;35
K001;Internetanschluss BG;kommunikationsverbindung;11;35
K002;Standleitung Bad Godesberg – Beuel;kommunikationsverbindung;11;35
K003;Verbindungen zwischen Netzkomponenten innerhalb der RECPLAST GmbH;kommunikationsverbindung;11;35
K004;Verbindungen zwischen Switches und Servern;kommunikationsverbindung;11;35
K005;Verbindungen zwischen Switches und Clients;kommunikationsverbindung;11;35
K006;Verbindungen zwischen Switches und Produktionsmaschinen;kommunikationsverbindung;11;35
K007;Internetanschlüsse der Vertriebsbüros;kommunikationsverbindung;11;35
K008;Mobile Internetanschlüsse der Laptops;kommunikationsverbindung;11;35
GB001;Verwaltungsgebäude Bad Godesberg;gebaeude;12;36
GB002;Produktionsgebäude Beuel;gebaeude;12;36
R001;Technikraum Bad Godesberg;raum;12;36
R002;Serverraum Bad Godesberg;raum;12;36
R003;Büros IT-Abteilung;raum;12;36
R009;Serverraum Beuel;raum;12;36
R010;Technikraum Beuel;raum;12;36
R011;Büros Fertigung/Lager;raum;12;36
R012;Büros Entwicklungsabteilung;raum;12;36
R013;Produktionshalle;raum;12;36
R014;Vertriebsbüros;raum;12;36
R018;Technikraum Vertriebsbüros;raum;12;36
R019;Datenträgerarchiv;raum;12;37
